,pclass,survived,age,sibsp,parch,fare,body
count,1309.0,1309.0,1046.0,1309.0,1309.0,1308.0,121.0
mean,2.294881588999236,0.3819709702062643,29.8811345124283,0.4988540870893812,0.3850267379679144,33.29547928134572,160.8099173553719
std,0.837836018970131,0.48605517086648004,14.413499699923594,1.0416583905961017,0.8655602753495126,51.758668239174135,97.6969219960031
min,1.0,0.0,0.1667,0.0,0.0,0.0,1.0
25%,2.0,0.0,21.0,0.0,0.0,7.8958,72.0
50%,3.0,0.0,28.0,0.0,0.0,14.4542,155.0
75%,3.0,1.0,39.0,1.0,0.0,31.275,256.0
max,3.0,1.0,80.0,8.0,9.0,512.3292,328.0
